INSERT INTO question_type (question_type_id, name) VALUES
    (1, 'Technical'),
    (2, 'Communication'),
    (3, 'Problem Solving'),
    (4, 'Soft Skills');

INSERT INTO question_difficulty (question_difficulty_id, name) VALUES
    (1, 'Easy'),
    (2, 'Medium'),
    (3, 'Hard');

INSERT INTO assessment_status (assessment_status_id, name) VALUES
    (1, 'In Progress'),
    (2, 'Completed');

INSERT INTO scenarios (scenario_id, title, description, is_active) VALUES
    (1, 'Cybersecurity Breach', 'A data breach has occurred, and steps need to be taken to mitigate the damage and protect sensitive information.', true),
    (2, 'Cloud Migration', 'Migrating applications and infrastructure to the cloud with a focus on scalability and cost efficiency.', true),
    (3, 'Startup Pitch', 'Pitching a startup idea to investors and dealing with their questions and concerns about the business.', true);

INSERT INTO questions (question_id, scenario_id, question_text, type_id, difficulty_id) VALUES
    (1, 1, 'What is the first step after detecting a data breach?', 1, 1),
    (2, 1, 'Explain how you would de-escalate a team conflict under pressure.', 4, 2),
    (3, 1, 'How would you determine which systems were affected?', 3, 2),
    (4, 1, 'What are signs of a phishing email?', 1, 1),
    (5, 1, 'Describe a time you had to deliver bad news to a stakeholder.', 2, 2),
    (6, 1, 'Which of these is an example of two-factor authentication?', 1, 1),
    (7, 1, 'How would you prioritize tasks during an emergency?', 3, 3),
    (8, 1, 'What is your leadership style under stress?', 4, 2),
    (9, 1, 'Which port does HTTPS use by default?', 1, 1),
    (10, 1, 'Write a plan for internal communication during a crisis.', 2, 3);

INSERT INTO questions (question_id, scenario_id, question_text, type_id, difficulty_id) VALUES
    (11, 2, 'Which AWS service allows scalable object storage?', 1, 1),
    (12, 2, 'Describe your experience with cross-functional collaboration.', 4, 2),
    (13, 2, 'How do you reduce cloud vendor lock-in?', 3, 2),
    (14, 2, 'What’s a common mistake during database migration?', 1, 2),
    (15, 2, 'What communication strategy would you use for a distributed team?', 2, 3),
    (16, 2, 'Which AWS service manages containerized applications?', 1, 2),
    (17, 2, 'Describe a situation where a miscommunication caused delays.', 2, 2),
    (18, 2, 'What is your approach to resolving unexpected downtime?', 3, 3),
    (19, 2, 'What motivates you to adopt new technology?', 4, 1),
    (20, 2, 'How do you handle contradicting opinions in planning meetings?', 4, 3);

INSERT INTO questions (question_id, scenario_id, question_text, type_id, difficulty_id) VALUES
    (21, 3, 'What’s the best way to present a product roadmap?', 2, 2),
    (22, 3, 'Which metric best represents product-market fit?', 1, 2),
    (23, 3, 'How would you respond to harsh investor criticism?', 4, 3),
    (24, 3, 'What is the difference between CAC and LTV?', 1, 2),
    (25, 3, 'Tell us about a failed project and your takeaway.', 3, 3),
    (26, 3, 'What’s one thing that differentiates you as a team player?', 4, 1),
    (27, 3, 'Which option best describes an MVP?', 1, 1),
    (28, 3, 'How do you keep a team aligned on product goals?', 2, 2),
    (29, 3, 'What’s your debugging process for production code?', 3, 2),
    (30, 3, 'How would you simplify a technical idea for non-technical stakeholders?', 2, 3);

INSERT INTO question_options (question_id, label, value, is_correct) VALUES
(1, 'A', 'Notify stakeholders', false),
(1, 'B', 'Contain the breach', true),
(1, 'C', 'Inform the press', false),
(1, 'D', 'Delete affected data', false),
(2, 'A', 'Ask another developer what changed', false),
(2, 'B', 'Check logs and isolate systems', true),
(2, 'C', 'Alert users immediately', false),
(2, 'D', 'Revert to previous backup', false),
(3, 'A', 'Check firewall logs', false),
(3, 'B', 'Run antivirus scans on all systems', true),
(3, 'C', 'Isolate network traffic', false),
(3, 'D', 'Contact IT support immediately', false),
(4, 'A', 'Urgent request for payment', false),
(4, 'B', 'Unknown sender with attachments', true),
(4, 'C', 'Proper company branding', false),
(4, 'D', 'Personalized greeting', false),
(5, 'A', 'Tell them it’s all fine', false),
(5, 'B', 'Explain the situation calmly', true),
(5, 'C', 'Ignore their concerns', false),
(5, 'D', 'Ask for advice from a colleague', false),
(6, 'A', 'Password only', false),
(6, 'B', 'Security question', false),
(6, 'C', 'Password + fingerprint', true),
(6, 'D', 'PIN code', false),
(7, 'A', 'Make a quick decision', false),
(7, 'B', 'Prioritize based on urgency', true),
(7, 'C', 'Wait for instructions from higher-ups', false),
(7, 'D', 'Delegate tasks to others', false),
(8, 'A', 'Lead by example', false),
(8, 'B', 'Delegate tasks', false),
(8, 'C', 'Stay calm and focused', true),
(8, 'D', 'Get team consensus first', false),
(9, 'A', 'Port 21', false),
(9, 'B', 'Port 443', true),
(9, 'C', 'Port 80', false),
(9, 'D', 'Port 22', false),
(10, 'A', 'Use email for all updates', false),
(10, 'B', 'Set up a dedicated communication channel', true),
(10, 'C', 'Let team handle internal communication', false),
(10, 'D', 'Post updates on company website', false);

INSERT INTO question_options (question_id, label, value, is_correct) VALUES
(11, 'A', 'Amazon EC2', false),
(11, 'B', 'Amazon RDS', false),
(11, 'C', 'Amazon S3', true),
(11, 'D', 'Amazon Lambda', false),
(12, 'A', 'Frequent check-ins', false),
(12, 'B', 'Weekly video conferences', false),
(12, 'C', 'Clear email communication', false),
(12, 'D', 'Daily stand-up calls', true),
(13, 'A', 'Use containerization', true),
(13, 'B', 'Avoid multi-cloud strategies', false),
(13, 'C', 'Use single cloud services', false),
(13, 'D', 'Lock-in to specific cloud vendor', false),
(14, 'A', 'Failing to backup', true),
(14, 'B', 'Optimizing queries', false),
(14, 'C', 'Using latest drivers', false),
(14, 'D', 'Creating new indexes', false),
(15, 'A', 'Lack of communication', true),
(15, 'B', 'Ignoring downtime procedures', false),
(15, 'C', 'Not documenting cloud migration steps', false),
(15, 'D', 'Failing to test cloud systems', false),
(16, 'A', 'AWS Lambda', false),
(16, 'B', 'Amazon S3', false),
(16, 'C', 'Amazon ECS', true),
(16, 'D', 'Amazon CloudWatch', false),
(17, 'A', 'Ask for clarification immediately', false),
(17, 'B', 'Clarify expectations and goals', true),
(17, 'C', 'Ignore the miscommunication', false),
(17, 'D', 'Wait for a better time to address it', false),
(18, 'A', 'Investigate root causes and resolve', true),
(18, 'B', 'Wait for the issue to resolve on its own', false),
(18, 'C', 'Ignore the downtime', false),
(18, 'D', 'Inform customers immediately', false),
(19, 'A', 'To enhance company performance', false),
(19, 'B', 'To stay ahead of the competition', false),
(19, 'C', 'To improve scalability and availability', true),
(19, 'D', 'To increase operational costs', false),
(20, 'A', 'Avoid making decisions', false),
(20, 'B', 'Get opinions from all stakeholders', false),
(20, 'C', 'Stick to the original plan', false),
(20, 'D', 'Find a middle ground and compromise', true);

INSERT INTO question_options (question_id, label, value, is_correct) VALUES
(21, 'A', 'Charts and graphs', false),
(21, 'B', 'Detailed feature breakdown', false),
(21, 'C', 'High-level timeline and goals', true),
(21, 'D', 'Marketing strategy', false),
(22, 'A', 'Churn rate', false),
(22, 'B', 'Net Promoter Score', false),
(22, 'C', 'Monthly Active Users', false),
(22, 'D', 'Retention and Growth', true),
(23, 'A', 'Dismiss their concerns', false),
(23, 'B', 'Reaffirm your commitment and data', false),
(23, 'C', 'Respond with evidence and clear strategy', true),
(23, 'D', 'Agree with all feedback', false),
(24, 'A', 'CAC measures customer loyalty', false),
(24, 'B', 'LTV is the cost to acquire a lead', false),
(24, 'C', 'CAC is customer acquisition cost; LTV is lifetime value', true),
(24, 'D', 'Both refer to customer churn', false),
(25, 'A', 'It was a learning experience', false),
(25, 'B', 'It wasn’t your fault', false),
(25, 'C', 'It taught you new skills and perspectives', true),
(25, 'D', 'You plan to forget about it', false),
(26, 'A', 'You’re a team player', true),
(26, 'B', 'You lead by example', false),
(26, 'C', 'You’re highly self-motivated', false),
(26, 'D', 'You prefer working alone', false),
(27, 'A', 'Fully-featured product', false),
(27, 'B', 'Prototype with basic features', true),
(27, 'C', 'A/B test result', false),
(27, 'D', 'Marketing campaign', false),
(28, 'A', 'Hold regular alignment meetings', true),
(28, 'B', 'Use project management tools', false),
(28, 'C', 'Send daily email updates', false),
(28, 'D', 'Wait for the team to manage themselves', false),
(29, 'A', 'Perform quick fixes', false),
(29, 'B', 'Analyze root causes before action', true),
(29, 'C', 'Revert to the last version of the code', false),
(29, 'D', 'Ignore the issue if it’s not widespread', false),
(30, 'A', 'Use jargon and technical terms', false),
(30, 'B', 'Simplify the message without diluting its meaning', true),
(30, 'C', 'Avoid talking to non-technical people', false),
(30, 'D', 'Focus only on the technical details', false);
